Genus,Dark1,Dark2,Dark3,IR1,IR2,IR3
g__Acanthopleuribacter,0.000214035,0.000224399,0.000128158,0.000119383,0.000162708,0.000132348
g__Acidiferrimicrobium,0.001905363,0.001489935,0.00048998,0.000570346,0.001296223,0.000526192
g__Acidiluteibacter,0.006511634,0.013788935,8.68E-05,0.000156244,0.012310709,0.002105187
g__Acidimicrobium,0.000165156,0.000125992,5.37E-05,6.14E-05,9.41E-05,6.62E-05
g__Aciditerrimonas,0.000646895,0.000514008,0.000166837,0.000188492,0.000459903,0.000171778
g__Acidithiobacillus,0.00015455,0.00011548,6.77E-05,8.59E-05,9.51E-05,7.39E-05
g__Acinetobacter,0.000180294,0.000205508,0.000456605,0.000567228,0.000194096,0.000472133
g__Actibacterium,0.001003421,0.00077279,0.000492328,0.000380359,0.000594512,0.000364281
g__Actinomadura,0.000590917,0.000433781,0.000160738,0.000179437,0.000378082,0.000196046
g__Actinomarinicola,0.002557305,0.001997225,0.000660984,0.0007617,0.001729367,0.000754087
g__Actinomyces,0.001343483,0.001027304,0.000432322,0.00047296,0.000861536,0.000470609
g__Actinoplanes,0.000312564,0.000234517,9.01E-05,0.000100546,0.000208836,0.000120348
g__Adhaeribacter,0.000221947,0.000329169,5.97E-05,9.52E-05,0.000310879,0.000140158
g__Aequorivita,0.162638641,0.209397626,0.119685399,0.063154002,0.200668187,0.15126391
g__Aeromonas,9.37E-05,8.58E-05,0.000402204,0.000458694,9.50E-05,0.000357424
g__Aestuariibacter,0.000831894,0.000591508,0.000651096,0.00062284,0.000448858,0.000459447
g__Aestuariivita,0.000321032,0.000261351,0.000304239,0.000244446,0.00023791,0.000201989
g__Aestuariivivens,0.000193765,0.000201714,4.69E-05,4.48E-05,0.00018764,6.98E-05
g__Aggregatilinea,0.00463086,0.003671959,0.002613818,0.003211969,0.003726164,0.002942287
g__Ahniella,7.68E-05,6.53E-05,0.0001768,0.000260207,9.53E-05,0.000100118
g__Ahrensia,0.00016832,0.000115954,9.08E-05,7.51E-05,0.000102043,7.84E-05
g__Albibacillus,0.000150744,0.000129944,0.000144562,0.000110883,0.00011861,0.000101375
g__Alcanivorax,0.000536093,0.000982211,0.00058518,0.001668068,0.002010888,0.004017643
g__Algibacter,0.000622135,0.000733348,0.000243399,0.000171193,0.000715477,0.000322641
g__Algicola,0.000196759,0.000196063,9.30E-05,8.61E-05,0.000226013,0.000105985
g__Algisphaera,0.000597631,0.000227324,8.51E-05,0.000128737,0.001027412,0.000115395
g__Algoriphagus,0.000472588,0.000709399,0.0002176,0.000256662,0.000616276,0.000443522
g__Aliidiomarina,0.002946888,0.008613406,0.266528333,0.324798793,0.005375903,0.239804562
g__Aliikangiella,0.000111315,9.70E-05,0.000223851,0.000375361,0.000110245,0.000104042
g__Aliiroseovarius,0.002278995,0.001726388,0.002157289,0.001306716,0.001501121,0.001156274
g__Alkalilimnicola,0.00025047,0.000188119,0.000180778,0.000230137,0.000181996,0.000160311
g__Alloalcanivorax,6.89E-05,0.000107931,7.54E-05,0.000145096,0.000136355,0.000178369
g__Allomuricauda,0.001845835,0.00177081,0.000580937,0.000557361,0.001637638,0.00078445
g__Alterinioella,0.001427814,0.000977508,0.0003511,9.03E-05,0.000963579,0.000542421
g__Alteromonas,0.000668534,0.000582181,0.000572602,0.000636294,0.000475252,0.000533011
g__Altibacter,0.012152757,0.010304779,0.002161494,0.001380396,0.010846458,0.001488515
g__Amphiplicatus,0.000379448,0.000255384,0.000203735,0.000202886,0.000102327,0.000176655
g__Amycolatopsis,0.000416225,0.000309685,0.000108838,0.00012942,0.000269096,0.000139167
g__Amylibacter,0.000726865,0.00046603,0.000325188,0.00019601,0.000415886,0.000205227
g__Anaerolinea,0.023811544,0.014817425,0.009836716,0.009423795,0.010931446,0.008509934
g__Anaeromyxobacter,0.000412846,0.000353277,0.000133424,0.000131684,0.000531369,0.000454608
g__Anatilimnocola,0.000235931,0.00022602,9.55E-05,8.23E-05,0.00013469,8.33E-05
g__Ancylomarina,0.000146211,0.000261588,2.89E-05,6.97E-05,0.000224185,0.0001253
g__Antarcticimicrobium,0.001165883,0.000947472,0.001092017,0.00091474,0.000932353,0.00074601
g__Aquamicrobium,0.000157843,0.000110658,0.000199795,0.000148086,0.00012263,0.000112309
g__Aquibium,0.000539643,0.000489703,0.000566882,0.001190708,0.001137901,0.001203095
g__Aquicoccus,0.003242474,0.002503763,0.005764022,0.003275184,0.002505306,0.002215439
g__Aquihabitans,0.001140182,0.000859222,0.000277077,0.000323251,0.000776914,0.000332242
g__Aquimarina,0.001304268,0.001679003,0.000549229,0.000464759,0.001432497,0.000755763
g__Aquisalimonas,0.000112299,9.22E-05,9.31E-05,0.000116649,0.000111626,0.000104423
g__Archangium,0.000498674,0.000396236,0.000196575,0.000198145,0.000481911,0.000398416
g__Ardenticatena,0.000571759,0.000383273,0.000239951,0.000236288,0.000312422,0.000236809
g__Arenibacter,0.001115421,0.001470926,0.000672993,0.000638302,0.001479681,0.00084849
g__Arenibacterium,0.000200565,0.000153538,0.0001904,0.000157055,0.000151135,0.000121681
g__Arenimonas,0.000213437,0.000166896,0.00010361,0.000118187,0.000144517,0.0001173
g__Aromatoleum,0.00019693,0.000134292,0.000102853,0.000133093,0.000126772,9.30E-05
g__Arsenophonus,6.59E-05,6.86E-05,0.000166875,0.000182085,9.88E-05,0.000130977
g__Arsukibacterium,3.80E-05,3.77E-05,0.000438459,0.000518706,3.18E-05,0.000401387
g__Arthrobacter,0.000204242,0.000131841,5.47E-05,5.70E-05,0.00011528,7.18E-05
g__Aurantimonas,0.000140181,0.000117061,0.000182937,0.000162096,0.000139644,0.00014111
g__Aureibaculum,0.000788702,0.000742359,0.000436186,0.00021412,0.000815205,0.000401921
g__Aureisphaera,0.001899675,0.001465709,0.000348524,0.000261958,0.001072322,0.000186026
g__Aureispira,0.000363539,0.00059882,2.87E-05,6.39E-05,0.000373128,0.000202332
g__Aureitalea,0.002785581,0.002175187,0.000492404,0.000393514,0.001474077,0.000256734
g__Aureliella,0.00134344,0.000968972,0.000554002,0.000590122,0.000556098,0.000413121
g__Azospirillum,0.000274846,0.000237085,0.00020813,0.000229112,0.000223048,0.000161378
g__Bacillus,0.000420801,0.000407736,0.000231503,0.000245001,0.000376458,0.000260201
g__Bacteriovorax,9.81E-05,0.000127692,8.79E-06,7.52E-06,0.000167256,0.001312242
g__Bacteroides,0.000462239,0.000709675,0.000325794,0.00040731,0.000574777,0.000551984
g__Balneola,0.000243457,0.000358296,0.000169375,0.000371901,0.000330938,0.000311936
g__Bauldia,0.000253977,0.000177804,0.000178657,0.000194728,0.000188818,0.000140767
g__Bdellovibrio,0.000753763,0.000421727,0.000126719,0.000139458,0.000499656,0.002784147
g__Beggiatoa,0.00014882,0.000118325,0.000136531,0.000157397,0.00011122,0.0001149
g__Bellilinea,0.000242516,0.000146464,0.000102701,0.000103664,0.000115686,9.54E-05
g__Bizionia,0.003532972,0.003495736,0.000829942,0.000308943,0.004155085,0.000900607
g__Blastochloris,0.0002367,0.000164644,0.000103421,0.000104689,0.000169246,0.000117567
g__Blastococcus,0.000305807,0.000228233,8.85E-05,0.000105159,0.000206522,0.000123891
g__Blastopirellula,0.000669261,0.000629764,0.000265788,0.000229198,0.000357495,0.000243019
g__Bosea,0.000210742,0.000179346,0.000199606,0.000212881,0.000175783,0.000150292
g__Boseongicola,0.000358921,0.000299845,0.000231844,0.000165982,0.00023121,0.000170483
g__Bradymonas,0.000216986,0.000185195,2.41E-05,1.52E-05,0.000453203,0.000436093
g__Bradyrhizobium,0.000419176,0.000319368,0.000295639,0.000290106,0.000314209,0.000246219
g__Bremerella,0.000119569,0.000103347,4.96E-05,4.42E-05,7.52E-05,4.83E-05
g__Brevefilum,0.00026005,0.000163616,0.000120127,0.000124124,0.000124092,9.51E-05
g__Brevibacillus,0.00010272,8.26E-05,0.000194605,0.000225097,8.87E-05,0.000191627
g__Brevundimonas,0.000118714,9.65E-05,0.000103875,0.000136767,0.000107565,9.42E-05
g__Brucella,0.001169475,0.001236686,0.000919157,0.000864082,0.001122308,0.00093958
g__Brumimicrobium,0.000467114,0.00101616,7.24E-05,0.000294933,0.000875383,0.000683684
g__Bryobacter,0.000117987,7.54E-05,0.00010308,0.000153382,6.75E-05,9.50E-05
g__Burkholderia,0.000247263,0.000209658,0.000457438,0.000495256,0.000275308,0.000424931
g__Bythopirellula,0.000196416,0.000144923,7.10E-05,6.43E-05,0.000112316,6.19E-05
g__Caldilinea,0.003341987,0.00209496,0.001371177,0.001326065,0.001642714,0.001239477
g__Caldithrix,0.001392876,0.001372677,0.00094594,0.001102506,0.001244816,0.000781745
g__Calothrix,0.000140267,0.000103861,8.97E-05,7.88E-05,9.49E-05,0.000120957
g__Candidatus_Accumulibacter,0.000261931,0.000219143,0.000179717,0.000210361,0.000249036,0.00021357
g__Candidatus_Acidoferrum,0.000109562,8.85E-05,8.75E-05,0.00010281,8.62E-05,7.04E-05
g__Candidatus_Actinomarina,0.000808373,0.000653595,0.000282835,0.000346188,0.000509117,0.000359443
g__Candidatus_Anammoximicrobium,0.000432903,0.000409989,0.000173845,0.000161797,0.000258538,0.000162711
g__Candidatus_Brocadia,0.000524461,0.000647193,0.000949728,0.000818978,0.000606287,0.000398911
g__Candidatus_Chloroploca,0.000308929,0.000202347,0.000132401,0.000134503,0.000159541,0.000122252
g__Candidatus_Competibacter,0.000113154,9.09E-05,0.00013869,0.000180462,0.000114793,0.00010549
g__Candidatus_Contendobacter,0.000174649,0.00013856,0.000133841,0.000177985,0.000124376,0.000114824
g__Candidatus_Denitrolinea,0.000150188,9.55E-05,6.72E-05,6.62E-05,6.76E-05,5.75E-05
g__Candidatus_Electrothrix,0.000160323,0.000128917,0.000113005,0.000120621,0.000141309,0.000104461
g__Candidatus_Entotheonella,0.000343483,0.000255858,0.000172406,0.000191525,0.000251026,0.000183398
g__Candidatus_Jettenia,0.000154165,0.00019219,0.000226692,0.000212924,0.000215049,0.000152463
g__Candidatus_Kentron,0.000251283,0.000192427,0.000168883,0.000224072,0.000182118,0.00015532
g__Candidatus_Kuenenia,0.000330568,0.000497212,0.000775769,0.000618611,0.000447965,0.000281802
g__Candidatus_Magnetomorum,0.000108023,0.000112239,0.000146873,0.000145566,0.000128761,0.000115395
g__Candidatus_Manganitrophus,0.000168363,0.0001386,9.82E-05,0.000116222,0.000130345,9.29E-05
g__Candidatus_Methanoperedens,0.000151899,0.000119827,9.76E-05,0.000106825,0.00011861,8.36E-05
g__Candidatus_Methylomirabilis,0.000207749,0.00016994,0.000110315,0.000121646,0.000166078,0.000127053
g__Candidatus_Microthrix,0.002608237,0.001664183,0.000516725,0.000606822,0.001591834,0.000837709
g__Candidatus_Promineifilum,0.009809701,0.005952785,0.004029167,0.003818407,0.004427226,0.003379523
g__Candidatus_Reidiella,3.73E-05,2.44E-05,0.000113876,0.00015099,3.22E-05,5.28E-05
g__Candidatus_Roseilinea,0.00035473,0.000237797,0.000138652,0.000141935,0.000194015,0.000130253
g__Candidatus_Scalindua,0.016045976,0.024506549,0.047375952,0.037716748,0.024040793,0.015342125
g__Candidatus_Solibacter,0.000447999,0.00029858,0.000413456,0.000584355,0.000287937,0.000380015
g__Candidatus_Sulfopaludibacter,0.000128678,9.30E-05,0.000122968,0.000178882,8.95E-05,0.000119433
g__Candidatus_Tenderia,0.000357424,0.000276606,0.000311475,0.000406627,0.000259269,0.000247895
g__Candidatus_Thiodiazotropha,0.000751454,0.000615142,0.001053263,0.001265242,0.000697001,0.00089234
g__Candidatus_Thioglobus,0.0001513,0.000123937,0.000118536,0.000143857,0.000136883,0.000133529
g__Candidatus_Vecturithrix,0.000111957,8.71E-05,6.61E-05,7.81E-05,0.000103017,7.00E-05
g__Carboxylicivirga,0.000114138,0.000214005,2.17E-05,3.85E-05,0.00017554,0.000106671
g__Carideicomes,0.000856056,0.000743782,0.00077164,0.000656156,0.000676414,0.000578537
g__Catalinimonas,0.000211983,0.000288502,8.77E-05,0.000124295,0.000252407,0.000177264
g__Celeribacter,0.000213522,0.00017729,0.000220404,0.000185502,0.000156089,0.000118938
g__Cellulomonas,0.000372391,0.000276409,0.00010433,0.000119724,0.000249848,0.000144501
g__Cellulophaga,0.000208134,0.000260719,8.11E-05,7.43E-05,0.0002265,0.000117795
g__Cephaloticoccus,0.000343141,0.000667665,1.72E-05,1.64E-05,0.001172294,0.000495981
g__Cereibacter,0.000142876,0.000120183,0.000140281,8.42E-05,9.68E-05,6.66E-05
g__Chitinophaga,0.000290541,0.000396196,0.000128499,0.00014689,0.000354531,0.00023098
g__Chloracidobacterium,0.00039001,0.000329604,0.000309391,0.000355243,0.000390426,0.000311326
g__Chlorobium,0.000633553,0.00052377,0.000321968,0.000438235,0.000458969,0.000281725
g__Chloroflexus,0.000278695,0.000181559,0.000122817,0.000127626,0.00016417,0.000124005
g__Chondromyces,0.000204755,0.000230999,0.000324582,0.000123739,0.000144395,0.000117947
g__Christiangramia,0.000257484,0.000310318,7.34E-05,6.75E-05,0.00028818,0.000121795
g__Chryseobacterium,0.000453857,0.000705684,0.000242982,0.000242524,0.000598126,0.000483943
g__Chthoniobacter,0.000223059,0.000195351,3.10E-05,3.53E-05,0.000297114,0.000155397
g__Clostridium,0.000298153,0.000292336,0.000172444,0.000218178,0.000265644,0.00019536
g__Cochleicola,0.000310896,0.000237639,5.22E-05,4.17E-05,0.000162505,2.53E-05
g__Cognaticolwellia,3.93E-06,3.28E-06,2.34E-05,8.07E-06,4.18E-06,9.03E-06
g__Cognatishimia,0.000280748,0.000218906,0.000196083,0.000131001,0.0001729,0.000127243
g__Coleofasciculus,0.000111957,8.66E-05,6.41E-05,7.53E-05,8.91E-05,7.11E-05
g__Colwellia,0.00019492,0.000192783,0.000352275,0.000369937,0.000216186,0.000274487
g__Conexibacter,0.000758767,0.000487924,0.000216615,0.000258456,0.000505422,0.000243781
g__Constantimarinum,0.008300293,0.006297249,0.001476151,0.001147184,0.004474938,0.000676407
g__Coraliihabitans,0.000211726,0.000141287,0.000125014,0.000124679,9.56E-05,6.36E-05
g__Coraliomargarita,0.000198939,0.000145239,4.66E-05,1.91E-05,0.00048987,0.000407826
g__Corallococcus,0.000241276,0.000199975,6.87E-05,6.34E-05,0.000251432,0.000195931
g__Cribrihabitans,0.000252096,0.000219499,0.000237337,0.000214333,0.000202664,0.000165111
g__Crocinitomix,0.000445818,0.000942809,2.95E-05,0.000225738,0.000794293,0.000574689
g__Cryomorpha,0.000331295,0.000562026,0.000252983,9.06E-05,0.000467131,0.000231666
g__Cupriavidus,0.000108835,9.08E-05,6.97E-05,8.15E-05,0.000127015,9.34E-05
g__Cyclobacterium,0.000292123,0.000467413,0.000127136,0.000158209,0.00043692,0.000262715
g__Cycloclasticus,0.000107082,0.00014101,6.08E-05,0.000106184,0.000169205,0.000158978
g__Cystobacter,0.000131885,0.000105718,4.64E-05,4.38E-05,0.000123158,0.000100423
g__Cytophaga,0.000126197,0.000181835,0.000168163,0.000196437,0.000234337,0.000170711
g__Dechloromonas,7.92E-05,6.73E-05,0.000118195,0.000133691,0.000101028,9.71E-05
g__Defluviicoccus,0.000111273,8.32E-05,6.86E-05,7.80E-05,7.65E-05,6.29E-05
g__Defluviimonas,0.000712624,0.000535389,0.000549986,0.000460616,0.000492997,0.000360928
g__Deinococcus,0.000352634,0.000249851,0.000134902,0.000152442,0.000227434,0.00015193
g__Dermatobacter,0.007456083,0.004014565,0.001045118,0.001178578,0.004245514,0.002556938
g__Desertimonas,0.000480371,0.000342092,0.000127514,0.000146249,0.000303529,0.000150444
g__Desulfatitalea,0.000106569,8.11E-05,7.32E-05,7.52E-05,8.24E-05,6.01E-05
g__Desulfobacter,0.000104644,8.44E-05,7.19E-05,7.39E-05,7.90E-05,6.59E-05
g__Desulfobacterium,0.000122178,9.33E-05,9.05E-05,9.44E-05,9.14E-05,7.11E-05
g__Desulfobacula,0.000167636,0.000162035,0.000156571,0.000167477,0.000144192,0.000105109
g__Desulfobulbus,0.000173666,0.000162549,0.000152176,0.000152229,0.000179275,0.000145872
g__Desulfocapsa,0.000129362,0.000151009,0.000224836,0.000194557,0.000198847,0.00016534
g__Desulfonema,0.000196887,0.000165671,0.000116528,0.00012233,0.000153775,0.000114557
g__Desulfopila,5.82E-05,6.18E-05,0.000107133,9.83E-05,6.69E-05,8.52E-05
g__Desulforhabdus,0.00010674,8.17E-05,6.77E-05,7.77E-05,8.19E-05,5.66E-05
g__Desulforhopalus,0.000106825,7.79E-05,0.000103497,0.000119169,6.96E-05,6.57E-05
g__Desulfosarcina,0.000421699,0.000364659,0.000315111,0.00028985,0.000347018,0.000238295
g__Desulfovibrio,0.000111487,0.000102201,5.53E-05,6.77E-05,0.00013603,9.03E-05
g__Desulfuromonas,0.00044787,0.000411175,0.000293556,0.000343967,0.000498682,0.000404283
g__Devosia,0.000384879,0.000322767,0.000313104,0.000265247,0.000308118,0.000236924
g__Dinoroseobacter,0.0009078,0.000727065,0.000406409,0.000216982,0.000616601,0.000409959
g__Dokdonella,0.000490763,0.000385921,0.000320491,0.000365665,0.000408821,0.000350299
g__Dokdonia,0.000319107,0.000344108,9.74E-05,7.23E-05,0.000293743,0.000124957
g__Draconibacterium,0.000282073,0.000408448,0.000106414,0.000115197,0.000362002,0.000157987
g__Dyadobacter,0.000229944,0.000300951,0.000104671,0.000116094,0.000273643,0.000155473
g__Echinicola,0.000218868,0.000282772,0.000106338,8.11E-05,0.000264182,0.000156539
g__Ectothiorhodospira,0.000286521,0.000215823,0.000204796,0.000261275,0.000237261,0.000201951
g__Egibacter,0.000378293,0.000279847,0.000113536,0.000137023,0.000233971,0.000142863
g__Egicoccus,0.000257056,0.000196735,8.15E-05,9.70E-05,0.000155318,9.94E-05
g__Emcibacter,0.000425761,0.000282297,0.000374739,0.000541685,0.000453893,0.000619262
g__Enhygromyxa,0.00022169,0.000163419,7.68E-05,6.39E-05,0.000193487,0.000162292
g__Epibacterium,0.000154935,0.000119155,0.000145888,9.48E-05,0.000112072,8.80E-05
g__Erythrobacter,0.000194749,0.000161205,0.000229117,0.000266016,0.000127178,0.000216237
g__Escherichia,0.000132612,0.000137019,0.000274728,0.000284767,0.000137857,0.000198293
g__Eudoraea,0.000206124,0.000261825,6.29E-05,6.25E-05,0.000228368,0.00010229
g__Euzebya,0.000881458,0.000678731,0.000263174,0.000306892,0.000562108,0.000318451
g__Falsiruegeria,0.000158399,0.000125992,0.000141834,0.000120579,0.000124295,9.94E-05
g__Ferrovum,4.90E-05,7.67E-05,0.000152782,0.000112463,7.71E-05,4.24E-05
g__Ferruginibacter,0.000170373,0.000245148,4.70E-05,7.49E-05,0.000184067,0.000121376
g__Fibrobacter,9.82E-05,0.000137928,6.42E-05,6.95E-05,0.000155318,0.000115281
g__Filomicrobium,0.000411649,0.000225664,0.00027397,0.000215743,0.00020774,0.000226218
g__Flavilitoribacter,0.000193936,0.000307591,5.41E-05,5.48E-05,0.000255249,8.74E-05
g__Flaviramulus,0.000177386,0.000187131,4.35E-05,2.73E-05,0.000157226,5.04E-05
g__Flavivirga,0.000120724,0.000191281,5.36E-05,4.71E-05,0.000143948,9.39E-05
g__Flavobacterium,0.005263943,0.006305864,0.001480849,0.001608141,0.005217986,0.002617703
g__Flexithrix,0.000135905,0.000165197,3.60E-05,4.67E-05,0.000118204,7.72E-05
g__Fluviibacterium,0.000156902,0.000122515,0.000141039,9.15E-05,0.000108215,9.13E-05
g__Fluviicola,0.000688462,0.001422829,4.88E-05,0.000459164,0.00142803,0.001001144
g__Fodinibius,0.000708219,0.000819306,0.00050733,0.000854344,0.000920334,0.00104587
g__Formosa,0.002822914,0.002713856,0.000621623,0.000197035,0.003254526,0.000661855
g__Frankia,0.00058091,0.000458758,0.000138955,0.000157013,0.000386772,0.00018675
g__Frigidibacter,0.000195647,0.000159308,0.000178619,0.000122757,0.000137045,0.000109719
g__Fuerstiella,0.00078913,0.000685963,0.00032856,0.00031693,0.000451701,0.000299745
g__Fulvivirga,0.000662162,0.001071133,0.000290033,0.000277079,0.000851466,0.000499067
g__Gaetbulibacter,0.000339591,0.000396789,0.000118688,8.29E-05,0.000410526,0.000145568
g__Gaiella,0.000306021,0.000222897,0.000116263,0.000134546,0.000203233,0.000124043
g__Galbibacter,0.000401942,0.000509542,0.000283138,0.00019806,0.000433022,0.000325346
g__Gallionella,0.000132398,0.000105916,0.000102474,0.000120792,0.000112072,8.62E-05
g__Geitlerinema,0.000141507,0.000130024,6.93E-05,7.55E-05,0.000112194,7.96E-05
g__Gelidibacter,0.001289001,0.001691096,0.00075535,0.000563554,0.001685391,0.000920836
g__Geminicoccus,0.0001513,9.40E-05,0.000106641,0.000108106,8.44E-05,8.77E-05
g__Gemmatimonas,0.002459802,0.001815745,0.000614615,0.000606652,0.001808386,0.001183475
g__Gemmatirosa,0.000161179,0.000121131,4.71E-05,5.03E-05,0.000113737,7.81E-05
g__Gemmobacter,0.000310725,0.000235228,0.000245066,0.000175251,0.000207943,0.000152844
g__Geobacter,0.000386675,0.000360114,0.000238095,0.000287116,0.000404963,0.000319593
g__Geodermatophilus,0.000255944,0.000187724,6.87E-05,8.26E-05,0.000168596,8.73E-05
g__Geomonas,0.000103233,9.41E-05,6.84E-05,8.14E-05,0.000105413,8.34E-05
g__Geothermobacter,8.89E-05,8.68E-05,6.11E-05,6.72E-05,0.00011524,9.43E-05
g__Geothrix,8.45E-05,8.23E-05,7.44E-05,8.06E-05,0.000102408,7.58E-05
g__Gillisia,0.000409468,0.000544202,0.000256658,0.000223132,0.000515127,0.000305498
g__Gilvibacter,0.000218183,0.000184048,4.38E-05,3.24E-05,0.000128761,2.26E-05
g__Gimesia,0.000446074,0.000413902,0.000176308,0.000184221,0.00038064,0.00021197
g__Gordonia,0.000290754,0.000192822,6.04E-05,6.52E-05,0.000172535,9.00E-05
g__Gracilimonas,0.00044539,0.000606249,0.000427207,0.001512208,0.000597923,0.000728981
g__Gymnodinialimonas,0.000149974,0.000134885,0.000136758,0.000106611,0.000125716,9.30E-05
g__Hahella,0.000104131,8.14E-05,0.000137061,0.000109559,0.000116742,0.000122824
g__Halalkalibaculum,0.000105029,0.000127692,7.82E-05,0.000126046,0.000155643,0.000177683
g__Haliangium,0.000301617,0.000260245,0.000108383,9.06E-05,0.000320503,0.000269801
g__Haliea,0.000341772,0.000270441,0.000146342,0.000189304,0.0002667,0.000210103
g__Halioglobus,0.000878806,0.000773265,0.000588286,0.000645563,0.000782761,0.000634539
g__Haliscomenobacter,0.000156517,0.00023096,4.95E-05,5.54E-05,0.000193487,7.57E-05
g__Halobacteriovorax,0.000249872,0.000360588,2.33E-05,2.54E-05,0.000460878,0.003829255
g__Halomarinibacterium,0.000989095,0.000784093,0.000176232,0.000135144,0.00055622,8.76E-05
g__Halomonas,0.002199838,0.002368009,0.008589909,0.017959716,0.002084547,0.004600485
g__Halorhodospira,0.000189745,0.000147373,7.92E-05,0.000107466,0.000130589,9.87E-05
g__Hanstruepera,0.00063877,0.000677031,0.000141266,7.00E-05,0.000724085,0.000226904
g__Herpetosiphon,0.000252609,0.00017318,0.00010755,0.000104519,0.000165632,0.000127167
g__Hoeflea,0.000668107,0.000486383,0.000487707,0.000369552,0.000391035,0.000303783
g__Hydrogenophaga,0.000181663,0.000141524,9.79E-05,9.79E-05,0.000162749,0.000113643
g__Hymenobacter,0.000277882,0.000297552,8.98E-05,8.88E-05,0.000230033,0.000155549
g__Hyphomicrobium,0.000457749,0.00027384,0.000297458,0.000253629,0.000251351,0.000253648
g__Hyphomonas,0.000179995,0.000141643,0.000179604,0.000188791,0.000180087,0.000175702
g__Iamia,0.002861573,0.00214112,0.000681516,0.000795315,0.001866818,0.000858586
g__Idiomarina,0.000322913,0.00161577,0.018178453,0.012228838,0.001617051,0.009060355
g__Ignavibacterium,0.006562266,0.006457822,0.004651017,0.006050798,0.005779323,0.003451488
g__Ilumatobacter,0.004300976,0.003001567,0.001148539,0.001310689,0.002594517,0.001475486
g__Inmirania,0.000362641,0.000230169,0.001020721,0.001357972,0.000271694,0.000456132
g__Inquilinus,0.000174179,0.000131644,8.03E-05,9.39E-05,0.000110205,8.58E-05
g__Isoalcanivorax,8.78E-05,0.000222265,4.58E-05,0.000360711,0.000400537,0.000541088
g__Jannaschia,0.000353875,0.000274907,0.000338523,0.000242353,0.000254356,0.000195931
g__Jatrophihabitans,0.000173324,0.000127415,5.17E-05,6.12E-05,0.000108174,7.01E-05
g__Jhaorihella,0.001194578,0.000972766,0.001014167,0.001153121,0.001075895,0.000866777
g__Jiangella,0.000225881,0.000170493,6.75E-05,8.14E-05,0.000149267,8.19E-05
g__Kallotenue,0.000174008,0.000117021,7.31E-05,7.68E-05,9.52E-05,7.25E-05
g__Kamptonema,9.87E-05,7.75E-05,4.77E-05,4.83E-05,7.31E-05,4.99E-05
g__Kangiella,0.018440092,0.015996371,0.00079884,0.000690882,0.004820129,0.003994709
g__Ketobacter,0.000251026,0.000179504,0.000131378,0.00013698,0.00017022,0.000147625
g__Kiritimatiella,0.00021194,0.000171481,1.08E-05,1.11E-05,0.000329598,0.000145453
g__Kordia,0.000497691,0.00059961,0.000127477,0.000130403,0.000503311,0.000240238
g__Kordiimonas,0.000177515,0.000129984,0.000165284,0.000231632,0.000206319,0.000249153
g__Kouleothrix,0.000945262,0.00058973,0.000408758,0.000407695,0.000491251,0.000368548
g__Kribbella,0.000203644,0.000149468,6.66E-05,7.37E-05,0.000138466,8.71E-05
g__Ktedonobacter,0.000407672,0.000279175,0.000169565,0.000175892,0.000217851,0.000153416
g__Labilibaculum,0.00020266,0.000267635,6.56E-05,8.15E-05,0.00023791,0.000111242
g__Labilithrix,0.000412846,0.00037035,0.000292495,0.000159575,0.000320462,0.000258677
g__Lacinutrix,0.000560854,0.000683434,0.000206879,0.000131043,0.000667765,0.000286411
g__Leeuwenhoekiella,0.000297426,0.000395327,0.000200212,0.000166666,0.00035786,0.000261153
g__Legionella,0.000141764,0.000161522,0.000151987,0.000121561,0.000152719,0.000128081
g__Leisingera,0.000649718,0.00053527,0.000595219,0.000450621,0.000501971,0.000380853
g__Lentibacter,0.00106389,0.0008495,0.001690191,0.000824189,0.000801277,0.000707075
g__Lentimicrobium,0.001059272,0.001278025,0.00018146,0.000260592,0.000863729,0.000418378
g__Leptolinea,0.000147708,9.75E-05,6.88E-05,7.47E-05,7.71E-05,6.09E-05
g__Leptolyngbya,0.003971092,0.003022118,0.00166265,0.001435581,0.001783941,0.001354948
g__Leptospira,0.000189574,0.000286803,8.20E-05,0.000113061,0.000164251,0.000137072
g__Levilinea,0.000226266,0.000145437,0.000104974,0.000108662,0.000110854,8.39E-05
g__Lewinella,0.000393603,0.000685765,8.27E-05,9.11E-05,0.000537826,0.000209227
g__Lignipirellula,0.000271767,0.000264829,0.000109861,8.67E-05,0.00014878,9.52E-05
g__Limibaculum,0.000302942,0.000232382,0.000228927,0.000220954,0.000164373,0.000129453
g__Limimaricola,0.000199966,0.000168359,0.00022692,0.000129036,0.00014541,0.000113604
g__Limnohabitans,0.000130944,0.000154685,0.000167633,0.000185972,0.000214278,0.000147282
g__Litoreibacter,0.00057518,0.000446625,0.000423381,0.000267511,0.000372275,0.000271782
g__Litorilinea,0.001565815,0.000963518,0.000630488,0.00060379,0.000762092,0.000575299
g__Litorimonas,7.72E-05,8.42E-05,9.49E-05,7.91E-05,7.56E-05,5.49E-05
g__Litorivita,0.000187607,0.000161205,0.000245672,0.000138902,0.000142324,0.000127091
g__Loktanella,0.000383168,0.000295695,0.00040122,0.000237697,0.000247615,0.000199855
g__Longilinea,0.000339506,0.000218629,0.000149865,0.000149837,0.000163926,0.000133834
g__Longimicrobium,0.000293705,0.000220329,7.79E-05,8.12E-05,0.000243473,0.000157568
g__Lujinxingia,0.000718697,0.000618817,7.38E-05,3.32E-05,0.001872178,0.001730773
g__Luteimonas,0.000212196,0.000176579,0.000120014,0.000127968,0.000183701,0.000141453
g__Luteirhabdus,0.000321245,0.000278148,7.53E-05,5.89E-05,0.000242661,6.65E-05
g__Luteitalea,0.000557133,0.000472274,0.000433875,0.000528188,0.000588908,0.000409845
g__Luteithermobacter,0.003733537,0.002003666,0.004284044,0.006740014,0.004926151,0.007409395
g__Luteolibacter,0.0001906,0.000185116,2.78E-05,3.08E-05,0.000278516,0.000140425
g__Lutibacter,0.00086401,0.001286403,0.000485282,0.000548306,0.001270682,0.000791536
g__Lutimaribacter,0.000764968,0.000621821,0.000836988,0.000569235,0.000562068,0.000475714
g__Lysobacter,0.000456979,0.000394418,0.000601166,0.000652995,0.000478216,0.000560898
g__Magnetospirillum,0.000192397,0.000155514,0.000152555,0.000184093,0.00015414,0.000118862
g__Magnetovibrio,0.000145655,0.000134766,0.000136455,0.000142234,0.000121899,9.11E-05
g__Maioricimonas,0.000111144,9.98E-05,5.47E-05,5.77E-05,9.45E-05,5.50E-05
g__Maliponia,0.000137102,0.000127968,0.000122741,8.92E-05,0.000110326,8.37E-05
g__Mameliella,0.000374145,0.000312847,0.000353714,0.000256833,0.000280465,0.000217647
g__Mangrovimonas,0.000286521,0.000329959,0.000120279,0.000123526,0.000328705,0.000175169
g__Maribacter,0.002745425,0.003028204,0.000971208,0.000810819,0.002194224,0.001228353
g__Maribellus,0.000224042,0.000341025,0.000117816,0.000135186,0.000326147,0.00020096
g__Marimonas,0.009454843,0.007330046,0.016833263,0.008599777,0.007228874,0.006476635
g__Marinibacterium,0.000155619,0.000131525,0.00015695,0.000123782,0.000109717,9.61E-05
g__Mariniblastus,0.000190985,0.000164486,8.44E-05,8.03E-05,0.000148212,8.95E-05
g__Marinicaulis,0.000218354,0.000151997,0.000116566,0.000123355,9.22E-05,0.000113262
g__Marinicella,0.069127968,0.069252701,0.118668201,0.109288185,0.111220021,0.111188892
g__Marinifilum,0.000168363,0.000217009,7.65E-05,9.66E-05,0.000199091,0.000102518
g__Mariniflexile,0.000300334,0.000402638,0.000148312,9.56E-05,0.000329192,0.000210637
g__Mariniphaga,0.000415926,0.000618738,0.00016248,0.000218007,0.000583751,0.000312127
g__Marinirhabdus,0.000666139,0.000553805,0.000154677,0.000113745,0.000436798,0.000123738
g__Marinobacter,0.001872392,0.001721013,0.007953057,0.011275699,0.004013695,0.007466159
g__Marinobacterium,0.000132911,0.000108248,0.000108573,0.000130702,0.000125716,0.000130367
g__Marinomonas,5.22E-05,5.69E-05,0.000224116,0.000257345,6.47E-05,0.000203703
g__Marinoscillum,0.00018239,0.000277239,5.49E-05,5.36E-05,0.000254153,0.000121414
g__Marinosulfonomonas,0.000457749,0.000326798,0.000176118,0.000120878,0.000227271,0.000117338
g__Marinovum,0.000452703,0.000349325,0.00050142,0.00033944,0.000308565,0.000259629
g__Maritimibacter,0.002406732,0.001721251,0.001957721,0.000959802,0.00137106,0.001359558
g__Marivirga,0.000207535,0.000314665,5.14E-05,7.44E-05,0.000250985,0.000166749
g__Marivita,0.00093611,0.000784251,0.001086107,0.000593581,0.000697285,0.00060029
g__Marixanthomonas,0.002174265,0.002297978,0.000507178,0.000397017,0.001526906,0.000520249
g__Marmoricola,0.000155705,0.000119827,4.87E-05,5.90E-05,0.000111138,5.80E-05
g__Massilia,0.000182475,0.000164486,0.000316702,0.00036921,0.000207293,0.000231438
g__Meiothermus,0.000139069,9.97E-05,6.05E-05,6.58E-05,8.93E-05,6.29E-05
g__Melioribacter,0.005900104,0.006319696,0.00465848,0.005963877,0.005516602,0.003133228
g__Membranihabitans,0.00725569,0.011585847,0.002839336,0.003777146,0.012107679,0.005301351
g__Mesobacterium,0.000520784,0.000426114,0.000441603,0.000372286,0.000392538,0.00033868
g__Mesoflavibacter,0.000173195,0.000221277,6.68E-05,4.45E-05,0.00022382,9.56E-05
g__Mesonia,0.000390481,0.000551316,0.000184491,0.00142375,0.000522152,0.000299974
g__Mesorhizobium,0.000912547,0.000620161,0.00054866,0.000538653,0.00057965,0.000457808
g__Methanosarcina,0.000125171,9.87E-05,5.87E-05,7.15E-05,8.55E-05,7.88E-05
g__Methanothrix,0.000151856,0.000112397,7.62E-05,7.97E-05,0.0001005,7.38E-05
g__Methylobacter,0.000189232,0.000174405,0.000186877,0.000178497,0.000222764,0.000153911
g__Methylobacterium,0.000184357,0.00012619,8.35E-05,9.52E-05,0.000127462,9.78E-05
g__Methylocaldum,0.000170031,0.000118958,0.0001224,0.000148427,0.000126488,0.000115471
g__Methyloceanibacter,0.000146682,0.000114887,0.000119976,0.000123611,0.000110448,0.000107738
g__Methylohalomonas,0.000415327,0.000372919,0.000639845,0.000848919,0.000435377,0.000677931
g__Methylomicrobium,5.15E-05,6.15E-05,0.000250521,0.00027789,8.95E-05,0.000215247
g__Methylomonas,0.000135349,0.000118997,0.000107361,0.000123654,0.000130954,0.000110366
g__Methylophaga,0.000260905,0.000224478,0.000540743,0.000651586,0.000265563,0.000554612
g__Methyloprofundus,8.02E-05,8.75E-05,9.36E-05,8.98E-05,0.000137208,8.75E-05
g__Micavibrio,0.000373674,0.000385368,0.00038796,0.000408378,0.000357698,0.000264696
g__Microbacterium,0.000482894,0.000348732,0.000171572,0.000148171,0.000325132,0.000191398
g__Microbulbifer,0.000473615,0.000388766,0.000305565,0.000366092,0.000395299,0.000397006
g__Microcoleus,0.00016182,0.000124451,7.42E-05,7.92E-05,0.000112194,8.00E-05
g__Micromonospora,0.000540626,0.000394339,0.000163428,0.000186954,0.000362977,0.000208351
g__Microvenator,0.000444578,0.000431528,4.73E-05,2.59E-05,0.001045887,0.000980534
g__Microvirga,0.000212282,0.00017729,0.00017089,0.000160173,0.000177245,0.000143396
g__Minicystis,0.000212068,0.000275025,0.000406144,0.000148684,0.000158647,0.000143053
g__Modestobacter,0.00028156,0.000220487,5.92E-05,6.54E-05,0.000186625,9.27E-05
g__Motiliproteus,0.000104516,6.69E-05,9.98E-05,0.00013194,9.45E-05,9.52E-05
g__Mucilaginibacter,0.000307433,0.000513297,6.89E-05,0.000146035,0.000413572,0.000300088
g__Mucisphaera,0.000173452,1.00E-04,5.14E-05,7.95E-05,0.000319082,6.57E-05
g__Muriiphilus,0.020893864,0.019796141,0.021109655,0.017935925,0.019070625,0.015201167
g__Mycobacterium,0.001017491,0.000742952,0.000282115,0.000323721,0.00066139,0.000357995
g__Mycolicibacterium,0.00052506,0.00038351,0.00013547,0.000159789,0.000351363,0.00017475
g__Myxococcus,0.000325949,0.000297078,0.000114596,9.86E-05,0.000305844,0.000247629
g__Nannocystis,0.000673024,0.000569258,0.000258741,0.000240986,0.000717426,0.000576861
g__Natronospira,0.000155448,0.000123503,6.36E-05,8.51E-05,0.000117189,8.79E-05
g__Nioella,0.001319107,0.000979721,0.000420426,0.000176618,0.00086917,0.00047979
g__Nitratireductor,0.003774761,0.002546801,0.001718717,0.001801588,0.002541405,0.001682733
g__Nitriliruptor,0.000708946,0.000550328,0.00019703,0.000244489,0.000449345,0.000263401
g__Nitrococcus,0.000199068,0.000147492,0.00012956,0.000149068,0.000141715,0.000125795
g__Nitrolancea,0.000211213,0.00012785,8.99E-05,9.75E-05,9.07E-05,8.24E-05
g__Nitrosococcus,0.000263642,0.000218234,0.000285032,0.00032197,0.000255249,0.000247324
g__Nitrosomonas,0.007679184,0.005567022,0.001779443,0.001182678,0.007966684,0.004958937
g__Nitrososphaera,0.000441541,0.000323952,0.000200894,0.000205876,0.000252853,0.000187169
g__Nitrospina,0.000121108,0.000105876,8.84E-05,0.000109089,0.000113412,0.000111623
g__Nitrospira,0.001502352,0.001200564,0.001495964,0.001332216,0.0012531,0.001062708
g__Nocardia,0.000275445,0.000209974,7.27E-05,8.16E-05,0.00020506,0.000120081
g__Nocardioides,0.001169946,0.000866138,0.00036614,0.00040983,0.000754215,0.000450608
g__Nonlabens,0.000192354,0.000243527,7.96E-05,7.84E-05,0.000255574,0.00013532
g__Nonomuraea,0.000312564,0.000220368,9.63E-05,0.000118827,0.000195639,0.000124805
g__Nostoc,0.000400958,0.000328853,0.000191234,0.000188364,0.000275105,0.000186864
g__Notoacmeibacter,0.000106654,7.23E-05,0.000102549,0.000111011,8.08E-05,8.32E-05
g__Novipirellula,0.000250855,0.000205034,9.59E-05,0.000101571,0.000145451,9.35E-05
g__Novosphingobium,0.000144244,0.0001171,0.000119976,0.00013587,0.000126244,0.000117833
g__Oceanibaculum,9.93E-05,0.000103821,0.000121718,0.000269988,8.15E-05,6.48E-05
g__Oceanibium,0.000265737,0.000237876,0.000211463,0.000170595,0.000207253,0.000166292
g__Oceanicoccus,0.000261546,0.00021278,0.000203091,0.000192678,0.000255208,0.000217151
g__Oceanicola,0.000247819,0.000206852,0.000253892,0.000163291,0.000170098,0.000141872
g__Oceaniglobus,0.000420758,0.00037442,0.000429556,0.000286518,0.000320665,0.00026222
g__Oceanihabitans,0.000323341,0.000340314,0.00015604,0.000104348,0.000361312,0.000169721
g__Oceaniovalibus,0.00040904,0.000333121,0.000431261,0.000284084,0.000295286,0.000240848
g__Oceanisphaera,2.34E-05,3.39E-05,0.000445315,0.000528871,3.46E-05,0.000395254
g__Octadecabacter,0.000475282,0.000410503,0.000530666,0.000315478,0.000347546,0.000288354
g__Olleya,0.000298666,0.000370429,9.52E-05,7.05E-05,0.000339831,0.000141834
g__Opitutus,0.000229516,0.000249851,5.11E-05,5.28E-05,0.000364966,0.000181645
g__Ornatilinea,0.000260092,0.000164802,0.000109709,0.000114641,0.000125716,9.80E-05
g__Oscillatoria,0.000187821,0.000159704,7.03E-05,7.66E-05,0.000165997,0.000126862
g__Oscillochloris,0.000543748,0.00035055,0.000241315,0.000234622,0.000278516,0.000209494
g__Owenweeksia,0.000974684,0.002035323,0.000296738,9.14E-05,0.001025828,0.00050242
g__Paenibacillus,0.000662248,0.000536851,0.000289161,0.000292199,0.000582736,0.0003759
g__Palleronia,0.000191199,0.000128206,0.00020847,0.00012139,0.000115605,8.92E-05
g__Paludibacter,0.000155021,0.000258387,5.13E-05,9.29E-05,0.000212166,0.000164349
g__Paludibaculum,8.14E-05,5.33E-05,7.13E-05,0.000104476,5.23E-05,6.72E-05
g__Paraburkholderia,0.000137701,0.000111133,7.47E-05,9.47E-05,0.000100459,8.68E-05
g__Paracoccus,0.001216944,0.000953163,0.00131333,0.001012424,0.000904822,0.000726314
g__Paracrocinitomix,0.000131115,0.000300793,7.08E-06,0.000158679,0.000344501,0.000279401
g__Paraglaciecola,0.000190729,0.000170928,0.00033106,0.000390695,0.000182849,0.000304888
g__Paraliomyxa,0.000208604,0.000184918,8.42E-05,5.84E-05,0.000224429,0.000199855
g__Pararhodobacter,0.000870467,0.000919729,0.000845133,0.000496196,0.000711985,0.000518725
g__Paremcibacter,0.000102634,6.90E-05,0.000110202,0.000173543,0.000131198,0.000186522
g__Parvibaculum,0.000183202,0.000143223,0.000133955,0.000877409,0.000141106,0.000425731
g__Parvicella,0.000240592,0.000693393,1.69E-05,0.000235775,0.000541602,0.00057328
g__Patiriisocius,0.000226351,0.000223609,4.85E-05,3.25E-05,0.000138263,5.17E-05
g__Pedobacter,0.000569364,0.000879378,0.000109596,0.000161369,0.000734927,0.000349004
g__Pedosphaera,0.000559058,0.000492785,0.000168958,0.00018311,0.000605922,0.000310565
g__Pelagibius,0.000384023,0.000270639,0.000302307,0.000306252,0.000237179,0.000208465
g__Pelagicola,0.000247819,0.000208393,0.000191006,0.000135058,0.00016555,0.000136462
g__Pelagimonas,0.000164856,0.000140497,0.00015604,0.000104604,0.000118366,0.000104804
g__Pelagivirga,0.00049675,0.000366714,0.000616054,0.000465058,0.000365129,0.000306755
g__Persicimonas,0.000732082,0.000651501,0.00010236,6.25E-05,0.001723235,0.001632597
g__Phaeobacter,0.001811966,0.001439981,0.002205817,0.001364635,0.001330129,0.001144426
g__Phaeodactylibacter,0.001697187,0.002670185,0.000418456,0.000380188,0.002203401,0.000644787
g__Phenylobacterium,0.000151001,0.0001188,8.48E-05,0.000101059,0.000128883,0.000102099
g__Photobacterium,0.000164129,0.000154408,0.000185135,0.000206047,0.000125513,0.000179474
g__Phototrophicus,0.001075779,0.000821322,0.000457211,0.000468945,0.000736511,0.000495258
g__Phycisphaera,0.003485589,0.002547829,0.001457134,0.001442842,0.003831821,0.001707419
g__Phytoactinopolyspora,0.000220065,0.000158004,0.000109368,8.75E-05,0.000141065,9.20E-05
g__Pirellula,0.000359391,0.000302334,0.000144069,0.000139928,0.000198035,0.000130824
g__Planctomyces,0.000267833,0.000213096,0.000123158,0.000122287,0.000179763,0.000106442
g__Planktotalea,0.000247434,0.000192862,0.000211198,0.000135357,0.000157064,0.00012271
g__Planococcus,3.91E-05,2.66E-05,1.44E-05,1.29E-05,1.66E-05,1.46E-05
g__Pleurocapsa,0.000304781,0.000236256,0.000145206,0.000163249,0.000221627,0.000163016
g__Pokkaliibacter,0.000156475,0.000146227,0.000287911,0.000261873,0.000247534,0.000245
g__Polaribacter,0.000755089,0.001015251,0.000320263,0.000251494,0.000925044,0.000524021
g__Polaromonas,0.000100539,8.11E-05,0.000112588,0.000138774,8.62E-05,8.64E-05
g__Polyangium,0.000652284,0.000681497,0.000816835,0.000337646,0.000456858,0.000380472
g__Pontibaca,0.000162633,0.000135873,0.00018646,0.000147872,0.000130467,0.000108271
g__Pontibacter,0.000395185,0.000577083,0.000119786,0.000146847,0.000480368,0.000260239
g__Pontiella,0.000511974,0.000393548,2.95E-05,3.43E-05,0.000782964,0.000339289
g__Poriferisphaera,0.000210187,0.000120657,4.11E-05,7.77E-05,0.000460309,6.08E-05
g__Portibacter,0.000121151,0.000215744,3.04E-05,3.34E-05,0.000180818,9.04E-05
g__Porticoccus,0.000149461,0.000112951,7.36E-05,0.000100632,0.000152597,0.000140958
g__Povalibacter,0.000135178,0.000121882,7.94E-05,9.57E-05,0.000132497,9.63E-05
g__Primorskyibacter,0.000796955,0.000648221,0.000750123,0.000563853,0.000577376,0.000491943
g__Profundirhabdus,0.000255987,0.000203809,8.05E-05,9.11E-05,0.000161855,8.99E-05
g__Prolixibacter,0.00011927,0.000142828,9.41E-05,8.24E-05,0.000125066,8.08E-05
g__Prosthecobacter,0.000252395,0.000244357,4.04E-05,4.89E-05,0.000361555,0.000167854
g__Pseudaestuariivita,0.000153652,0.000118918,0.000137932,9.25E-05,0.000104723,8.00E-05
g__Pseudidiomarina,5.22E-05,0.00012623,0.00320324,0.006154633,0.000157307,0.002340358
g__Pseudoalteromonas,0.000511162,0.000534677,0.001910708,0.00215397,0.000506681,0.001801747
g__Pseudodonghicola,0.000237898,0.000200489,0.000231428,0.000192977,0.000193569,0.000151968
g__Pseudohalocynthiibacter,0.001039899,0.000963202,0.000283138,0.000181615,0.000337638,0.000181721
g__Pseudomaricurvus,0.000106269,8.03E-05,6.71E-05,8.21E-05,9.34E-05,9.89E-05
g__Pseudomonas,0.001052643,0.000878074,0.001169412,0.00137574,0.000954402,0.001147702
g__Pseudonocardia,0.000634537,0.000485592,0.000197674,0.000230863,0.000418282,0.000221304
g__Pseudooceanicola,0.000862641,0.000708885,0.000885971,0.000598408,0.000656273,0.000510344
g__Pseudorhodobacter,0.000541054,0.000406037,0.000450733,0.000317442,0.000363545,0.00026161
g__Pseudorhodoplanes,0.000240549,0.000166383,0.00016214,0.000172816,0.000155683,0.000119128
g__Pseudoruegeria,0.000621921,0.000500334,0.000505057,0.000390866,0.000397451,0.000316851
g__Pseudosulfitobacter,0.000343312,0.000290201,0.00044255,0.00027033,0.00026069,0.000217418
g__Pseudoxanthomonas,0.000210571,0.00016994,8.05E-05,0.000108491,0.000165266,0.000120157
g__Psychrobacter,0.000131073,0.000143382,0.000272834,0.000290747,0.00018431,0.000246562
g__Psychroflexus,0.000393346,0.000608028,0.000204947,0.000168075,0.000589598,0.000342604
g__Psychromarinibacter,0.000757912,0.000640475,0.001049134,0.000936438,0.000590207,0.00062071
g__Psychromonas,0.000176531,0.000149507,0.00013528,0.000152528,0.000156211,0.000121071
g__Psychroserpens,0.000915797,0.000904316,0.000202333,0.000133307,0.000878266,0.000234104
g__Pukyongia,0.003564447,0.00277041,0.00058643,0.000483169,0.001767699,0.000311174
g__Pukyongiella,0.00029456,0.00023839,0.00023586,0.000233341,0.000222236,0.000181493
g__Puniceibacterium,0.00049923,0.000421687,0.000521498,0.000375447,0.000368905,0.000302183
g__Pusillimonas,0.000239223,0.000277713,0.000148274,0.00012391,0.000326431,0.000184579
g__Pyrinomonas,0.000110631,9.63E-05,0.00010039,0.000110242,0.0001139,8.44E-05
g__Pyxidicoccus,0.000168962,0.000144804,7.66E-05,7.41E-05,0.000202015,0.000155054
g__Ralstonia,0.000110033,0.000111172,0.000338106,0.000359643,0.00018094,0.000307136
g__Ramlibacter,0.000126839,0.000107457,7.45E-05,8.15E-05,0.000104601,8.02E-05
g__Rasiella,0.000527626,0.000435915,0.000115695,9.18E-05,0.000336177,9.78E-05
g__Reichenbachiella,0.000130046,0.00020705,4.12E-05,3.83E-05,0.00012734,8.41E-05
g__Rhabdothermincola,0.005597247,0.00436883,0.001408947,0.001644746,0.003847657,0.001580214
g__Rheinheimera,9.03E-05,0.000103386,0.000999393,0.001119591,0.000123605,0.000864339
g__Rhizobium,0.000392705,0.000320237,0.000331136,0.000270544,0.000317132,0.000249038
g__Rhodanobacter,0.000260606,0.000356517,0.000282191,0.000174269,0.000155643,0.000147701
g__Rhodobacter,0.007162335,0.004909159,0.00194181,0.001322648,0.004052839,0.001953981
g__Rhodocaloribacter,0.000680294,0.001064612,0.000155169,0.000143216,0.000229018,0.000151054
g__Rhodococcus,0.00042837,0.000318103,0.000129712,0.000138347,0.000277379,0.000163435
g__Rhodocytophaga,0.000147024,0.000194363,8.69E-05,0.000115368,0.000179032,0.000102061
g__Rhodoferax,0.000195689,0.000162075,0.000117589,0.000125832,0.000188736,0.000145034
g__Rhodohalobacter,0.005881373,0.007063716,0.005819331,0.010704072,0.008942729,0.014174918
g__Rhodophyticola,0.000187265,0.000139904,0.000174073,9.37E-05,0.000131076,9.66E-05
g__Rhodopirellula,0.001067183,0.000924787,0.000488919,0.000490387,0.000730501,0.000442608
g__Rhodosalinus,0.000142405,0.000119946,0.000121756,0.000102725,0.000103058,8.90E-05
g__Rhodospira,0.000190772,0.000151602,7.97E-05,9.61E-05,0.00013672,9.71E-05
g__Rhodothermus,0.000293192,0.000378293,8.80E-05,9.11E-05,0.000165307,0.000133986
g__Rhodovulum,0.001011931,0.000740541,0.000683524,0.00050256,0.000648396,0.000447598
g__Robiginitomaculum,0.000132527,0.000110342,9.74E-05,0.000103963,0.000132984,0.000110176
g__Roseibacillus,0.000222631,0.000214993,5.95E-05,6.55E-05,0.000270923,0.000127891
g__Roseibacterium,0.000373161,0.000304824,0.000193166,0.000189005,0.000274456,0.000152463
g__Roseibium,0.000437222,0.000336322,0.000458461,0.000292626,0.00031429,0.000263667
g__Roseicyclus,0.000168406,0.000129549,0.000102777,7.58E-05,0.000113047,7.64E-05
g__Roseiflexus,0.000367046,0.000249653,0.000159639,0.000161626,0.00019771,0.000150215
g__Roseimaritima,0.000175291,0.000146543,6.17E-05,5.74E-05,0.00027807,5.73E-05
g__Roseivirga,0.00042589,0.000741529,0.00012384,0.000160216,0.000560484,0.000343442
g__Roseivivax,0.000385734,0.00033482,0.000437171,0.000339824,0.00030426,0.000262258
g__Roseobacter,0.001050676,0.000840055,0.001065423,0.000689344,0.000728958,0.000613548
g__Roseomonas,0.00010644,7.70E-05,9.04E-05,9.60E-05,0.000100662,7.84E-05
g__Roseovarius,0.009773352,0.007412566,0.023418627,0.022395965,0.007758416,0.006384441
g__Rosistilla,0.000142277,0.000124886,5.67E-05,5.45E-05,7.44E-05,5.17E-05
g__Rubricoccus,0.000317867,0.000240287,0.000101754,6.15E-05,0.000184757,0.000100652
g__Rubripirellula,0.000351565,0.000313361,0.000216918,0.000199512,0.000243027,0.00018675
g__Rubrivirga,0.000646553,0.000493734,0.000207448,0.000157098,0.000428393,0.000249305
g__Rubrivivax,0.000414343,0.000329801,0.000232072,0.000269561,0.000324848,0.000248276
g__Rubrobacter,0.000808288,0.000609372,0.000314126,0.000338244,0.000506722,0.000333042
g__Ruegeria,0.003000771,0.002483686,0.002956735,0.002332723,0.002272431,0.001877788
g__Saccharicrinis,0.000118457,0.000228747,6.58E-05,0.000110285,0.00021781,0.00015913
g__Sagittula,0.000143987,0.000116073,0.000197522,0.000164786,0.000106266,9.12E-05
g__Salaquimonas,0.001242303,0.000689283,0.000733378,0.000494274,0.000550617,0.000549583
g__Salegentibacter,0.00034066,0.00049401,0.00015801,0.000141038,0.000457142,0.000261839
g__Salibacter,0.000317183,0.000515154,3.71E-05,6.23E-05,0.000301377,0.00016054
g__Salinibacter,0.000226223,0.00020535,0.000103648,0.00011887,0.000160394,0.000132958
g__Salinihabitans,0.000288231,0.000248546,0.000200174,0.000153724,0.000195883,0.000152196
g__Salinimicrobium,0.000172853,0.000225743,0.000106906,6.35E-05,0.000183052,0.000129491
g__Salinivirga,0.000208946,0.000283957,0.000101148,0.000114428,0.000322777,0.000175054
g__Salipiger,0.000871494,0.000698847,0.001074932,0.00078327,0.000674749,0.000573013
g__Salmonella,6.38E-05,6.31E-05,0.000165019,0.000150563,0.000109514,0.000151244
g__Salsipaludibacter,0.000451505,0.000348218,0.000139637,0.000162437,0.000289602,0.000195017
g__Sandaracinus,0.000972546,0.000776545,0.000384627,0.000379504,0.001280224,0.00111993
g__Sedimenticola,0.00069663,0.000489624,0.001183808,0.001529208,0.000558454,0.000689894
g__Sedimentitalea,0.001150488,0.000957748,0.00104258,0.000908888,0.000925572,0.000747001
g__Sediminibacterium,0.000275231,0.000372444,0.000132477,0.000113317,0.000291266,0.000211056
g__Sediminimonas,0.00019261,0.000149349,0.000190969,0.000135614,0.000137695,0.000108347
g__Seohaeicola,0.001035409,0.000876532,0.000915899,0.000875145,0.00085711,0.000701056
g__Seonamhaeicola,0.00029687,0.000375448,0.000166041,0.000128908,0.000420028,0.000216275
g__Shewanella,0.000276856,0.000298145,0.000848012,0.000965825,0.000330654,0.000795079
g__Shimia,0.002403097,0.00203469,0.001929119,0.001293518,0.001660215,0.001307175
g__Silicimonas,0.000334545,0.000265738,0.000259006,0.000184434,0.000231251,0.000184502
g__Singulisphaera,0.000125855,9.66E-05,5.25E-05,4.95E-05,0.000100906,6.47E-05
g__Sinisalibacter,0.000546613,0.000459943,0.000511043,0.000354688,0.000413084,0.000342375
g__Sinomicrobium,0.000311923,0.000373274,0.000219949,0.000242439,0.000388924,0.000265763
g__Skermanella,8.85E-05,8.40E-05,8.20E-05,9.03E-05,7.71E-05,5.68E-05
g__Sneathiella,0.000204542,0.000191162,0.000141721,0.000159832,0.000195558,0.000138634
g__Solirubrobacter,0.00041631,0.000279847,0.0001199,0.000131556,0.000265319,0.000132005
g__Sorangium,0.000653695,0.000742754,0.001060688,0.000394155,0.000394365,0.000335594
g__Sphaerobacter,0.000779892,0.000510253,0.000344546,0.000392574,0.00036456,0.000333727
g__Sphaerochaeta,0.000164942,0.000147017,3.74E-05,5.03E-05,0.000171398,0.000108119
g__Sphingobacterium,0.000187008,0.000331145,6.35E-05,8.50E-05,0.000224267,0.000177797
g__Sphingobium,0.000128336,9.70E-05,0.000142781,0.000163462,0.000101677,0.00010789
g__Sphingomonas,0.000305551,0.000240089,0.000191688,0.000196949,0.000274699,0.000238828
g__Sphingopyxis,0.000122092,0.000104691,0.000595484,0.000451988,0.000102124,0.000376662
g__Spiribacter,0.000431534,0.000312768,0.000198431,0.000235647,0.000271816,0.000213151
g__Spirochaeta,0.001569578,0.001549533,0.000728605,0.000861819,0.00086113,0.000725133
g__Spirosoma,0.000141079,0.000158637,7.09E-05,6.79E-05,0.000131198,7.62E-05
g__Spirulina,0.000167807,0.000125083,0.000257756,0.000154792,0.00012263,0.000124805
g__Sporocytophaga,0.000139027,0.000205627,3.78E-05,4.63E-05,0.000164251,0.000112309
g__Stappia,0.000223614,0.000167055,0.000213736,0.000207329,0.000148049,0.000120309
g__Stenotrophomonas,0.000148178,0.000111409,0.000122893,0.000172218,0.000122874,0.000104652
g__Steroidobacter,0.000440814,0.000380151,0.000314505,0.000358746,0.000431276,0.00034169
g__Sterolibacterium,0.000150958,0.000123305,5.22E-05,6.11E-05,0.000119788,6.31E-05
g__Stieleria,0.000387188,0.000325098,0.000210137,0.00020861,0.000261421,0.000184693
g__Streptomyces,0.001561709,0.001152072,0.000417358,0.000476505,0.001033624,0.000586423
g__Stutzerimonas,0.000141208,0.000120815,0.000128424,0.000155859,0.000140984,0.000139015
g__Stygiobacter,0.001745211,0.001846532,0.001308216,0.001656535,0.001599306,0.000894626
g__Sulfidibacter,0.000535879,0.000593563,0.000362692,0.00035849,0.000451254,0.000358909
g__Sulfitobacter,0.003800805,0.003056462,0.004412316,0.002705266,0.002727258,0.002303938
g__Sulfuricaulis,0.000225453,0.000171678,0.000259537,0.0003215,0.000180696,0.00018134
g__Sulfuricella,0.000107509,8.82E-05,0.000146645,0.000172176,9.21E-05,8.76E-05
g__Sulfuriflexus,8.99E-05,7.10E-05,0.000193961,0.000239192,9.59E-05,0.000129338
g__Sulfurifustis,0.000110503,7.86E-05,0.000125052,0.000160686,8.84E-05,8.53E-05
g__Sulfurimonas,0.000110845,0.000134766,0.000251922,0.00024214,0.000157023,0.000153111
g__Sulfuritalea,9.99E-05,6.74E-05,0.000127893,0.000139031,0.000102571,0.000109452
g__Sulfurivermis,0.000119826,8.27E-05,0.000334735,0.000445667,0.000107484,0.000169188
g__Sunxiuqinia,0.000196416,0.000264157,0.00010039,0.000133905,0.000257888,0.000174712
g__Symbiodinium,0.000298238,0.000363473,9.83E-05,8.99E-05,0.000326878,0.00011349
g__Symmachiella,0.00019539,0.000178713,9.86E-05,9.82E-05,0.000156333,8.82E-05
g__Symploca,0.000112769,9.62E-05,7.81E-05,7.70E-05,9.75E-05,5.84E-05
g__Synechococcus,0.000152455,0.00011793,6.49E-05,6.34E-05,0.0001126,6.88E-05
g__Tabrizicola,0.000210828,0.000144449,0.000131871,0.000101016,0.000132172,8.79E-05
g__Tahibacter,0.000189745,0.000157056,0.000271281,0.000273619,0.000219475,0.000228466
g__Taibaiella,0.000182219,0.000298382,3.24E-05,5.61E-05,0.000223658,0.000143815
g__Tamlana,0.000208904,0.000257123,6.21E-05,4.22E-05,0.000202015,0.000109376
g__Tateyamaria,0.000551317,0.00042726,0.000471871,0.000332008,0.000378569,0.000290335
g__Tautonia,0.000149718,0.000119313,6.98E-05,7.75E-05,0.000127503,7.71E-05
g__Tenacibaculum,0.001053841,0.001424726,0.000393567,0.00032039,0.001365984,0.000661435
g__Tepidiforma,0.000450351,0.000337073,0.000228965,0.000227446,0.000279491,0.000198865
g__Tepidisphaera,0.000308673,0.00023586,0.000128234,9.57E-05,0.000113494,8.91E-05
g__Teredinibacter,7.89E-05,7.96E-05,0.000140054,0.000158892,0.000110611,0.000136882
g__Terrimicrobium,0.000985118,0.000855073,4.97E-05,2.98E-05,0.001320505,0.000824185
g__Thalassobacter,0.000158698,0.000119195,0.000201765,8.73E-05,0.00011057,9.79E-05
g__Thalassococcus,0.000576292,0.000459706,0.000624275,0.000419569,0.000425753,0.000353842
g__Thalassospira,0.000130517,0.000140694,0.000443118,0.000217494,0.000147318,0.000178255
g__Thalassotalea,0.000182048,0.000141564,0.000128499,0.000157611,0.000120925,0.000148349
g__Thalassovita,0.001317953,0.001087653,0.00137561,0.000853276,0.000947783,0.000756906
g__Thauera,0.000247434,0.000174682,0.000273099,0.000334442,0.000207578,0.000196084
g__Thermaerobacter,0.000142448,0.000111528,6.03E-05,7.28E-05,0.000107078,7.55E-05
g__Thermalbibacter,0.00025928,0.000175868,0.000117172,0.000132111,0.000129655,0.000114824
g__Thermanaerothrix,0.000149418,9.36E-05,7.19E-05,7.91E-05,8.21E-05,6.29E-05
g__Thermoanaerobaculum,0.000729687,0.000635021,0.00085665,0.001060348,0.000970563,0.000718923
g__Thermoflexus,0.000380602,0.000265817,0.000159223,0.000170595,0.000219759,0.000166787
g__Thermoleophilum,0.000172682,0.000105323,5.37E-05,5.61E-05,0.000114387,5.06E-05
g__Thermomicrobium,0.000150402,9.85E-05,6.93E-05,7.96E-05,8.30E-05,7.16E-05
g__Thermomonas,0.000869869,0.000624745,0.000293329,0.00038463,0.000508102,0.000390911
g__Thioalbus,0.000198854,0.00013852,0.000450657,0.000608958,0.000181062,0.000252696
g__Thioalkalivibrio,0.001871879,0.001274902,0.001109557,0.001500804,0.001406062,0.001156541
g__Thiobacillus,0.000214548,0.000179346,0.000206425,0.000244916,0.000230804,0.000218142
g__Thiocapsa,0.000222374,0.000226573,0.000255142,0.000248333,0.000226053,0.00017654
g__Thioclava,0.000282244,0.000236176,0.000263249,0.000220997,0.000209364,0.000165683
g__Thiocystis,0.000101266,8.64E-05,8.58E-05,9.35E-05,0.000112925,0.00010549
g__Thiogranum,0.000289172,0.000229656,0.000403114,0.000538097,0.000242296,0.000268849
g__Thiohalobacter,0.00070219,0.00051464,0.000896844,0.0011972,0.000553906,0.000627263
g__Thiohalocapsa,0.000232552,0.000186143,0.000155927,0.000180419,0.000193975,0.000158635
g__Thiohalomonas,0.000137273,0.000112832,0.000321362,0.000398554,0.000132619,0.000235019
g__Thiohalophilus,6.65E-05,5.50E-05,9.34E-05,0.000119852,5.79E-05,6.76E-05
g__Thiohalorhabdus,0.000127609,9.99E-05,6.49E-05,8.18E-05,8.86E-05,7.55E-05
g__Thiolapillus,0.000185854,0.000152274,0.000283479,0.000363402,0.000122874,0.000260734
g__Thiomargarita,0.000144501,0.000106034,8.85E-05,9.64E-05,9.90E-05,8.35E-05
g__Thioploca,0.000117174,9.92E-05,9.24E-05,0.000101272,0.000104642,8.56E-05
g__Thiosulfatihalobacter,0.000188719,0.00016413,0.000190628,0.000138304,0.000142811,0.000119738
g__Thiothrix,0.000201719,0.00015749,0.000196272,0.000207243,0.000178788,0.000171207
g__Tichowtungia,0.000261889,0.000188159,5.34E-06,5.85E-06,0.00040074,0.00016694
g__Tritonibacter,0.000245296,0.000188475,0.000286169,0.000194173,0.000179275,0.000148501
g__Tropicibacter,0.000464591,0.000405642,0.000523961,0.0003511,0.000356967,0.000308964
g__Tropicimonas,0.000301189,0.000226929,0.000217638,0.000157782,0.000199619,0.000148577
g__Truepera,0.000321203,0.000244476,0.000145622,0.000179779,0.000255371,0.000196693
g__Tunicatimonas,0.000123589,0.00016334,5.82E-05,7.73E-05,0.000157226,8.79E-05
g__Turneriella,0.000241191,0.000464093,1.78E-05,2.29E-05,3.19E-05,3.50E-05
g__Ulvibacter,0.005000044,0.004051833,0.000972004,0.000731715,0.003064369,0.000581661
g__unclassified_c__Actinomycetes,0.000637829,0.000516853,0.000187597,0.000216982,0.000427743,0.000216999
g__unclassified_c__Candidatus_Binatia,0.002079499,0.001868189,0.000879834,0.001005889,0.001465915,0.001041793
g__unclassified_c__Candidatus_Krumholzibacteria,0.000500898,0.000422241,0.000276205,0.000296684,0.000374387,0.000254639
g__unclassified_c__Candidatus_Sumerlaeia,0.000159425,0.000140022,7.97E-05,9.30E-05,0.000200796,0.000139701
g__unclassified_c__Caudoviricetes,0.000721562,0.000628895,0.000312535,0.000363658,0.000955011,0.000605586
g__unclassified_c__Deltaproteobacteria,0.000419218,0.000354304,0.000325416,0.000330342,0.000325782,0.000224314
g__unclassified_c__Gammaproteobacteria,0.000647323,0.000491165,0.00075357,0.000896416,0.000687987,0.000827918
g__unclassified_c__Halobacteria,9.69E-05,8.33E-05,0.000153275,0.000180889,9.41E-05,9.86E-05
g__unclassified_c__Thermoplasmata,0.000686795,0.000548944,0.000226768,0.000253544,0.000510214,0.000255515
g__unclassified_d__Archaea,0.000336341,0.000385763,0.000209683,0.000207798,0.000327487,0.00018035
g__unclassified_d__Viruses,0.000145441,0.000130695,5.45E-05,5.14E-05,0.000185488,8.90E-05
g__unclassified_o__Candidatus_Obscuribacterales,0.000124359,0.000112476,6.56E-05,7.49E-05,0.000114712,9.15E-05
g__unclassified_o__Methanophagales,0.000144543,0.000129628,0.000113876,0.000107679,0.000111504,7.38E-05
g__unclassified_o__Methanosarcinales,0.000327788,0.000249297,0.00016964,0.000174781,0.000191376,0.000140729
g__unclassified_p__Candidatus_Abyssubacteria,0.000153182,0.000110698,6.76E-05,7.53E-05,0.000108499,6.77E-05
g__unclassified_p__Candidatus_Aenigmarchaeota,0.000118158,0.000122831,7.91E-05,7.61E-05,0.000112316,7.95E-05
g__unclassified_p__Candidatus_Aminicenantes,0.001874829,0.001761285,0.001516345,0.001765795,0.001833034,0.001266869
g__unclassified_p__Candidatus_Auribacterota,0.000110033,0.000106785,6.78E-05,7.05E-05,0.000151014,9.94E-05
g__unclassified_p__Candidatus_Bathyarchaeota,0.000442867,0.000351854,0.000223434,0.000249572,0.000335689,0.000250867
g__unclassified_p__Candidatus_Binatota,0.000253378,0.00021199,8.83E-05,9.99E-05,0.00016214,8.95E-05
g__unclassified_p__Candidatus_Bipolaricaulota,0.000695861,0.000516458,0.000300034,0.000326882,0.000476024,0.000363938
g__unclassified_p__Candidatus_Cloacimonadota,0.001225881,0.001106978,0.000573966,0.000650048,0.001020671,0.000635034
g__unclassified_p__Candidatus_Coatesbacteria,0.000137402,0.000112555,7.23E-05,8.54E-05,0.000106388,7.41E-05
g__unclassified_p__Candidatus_Dadabacteria,0.001537462,0.001895261,0.000868621,0.000916961,0.004175672,0.003489242
g__unclassified_p__Candidatus_Delongbacteria,0.000157715,0.000190293,8.68E-05,9.77E-05,0.000143542,0.000114976
g__unclassified_p__Candidatus_Dormibacteraeota,0.000497392,0.000352526,0.00015407,0.000171535,0.000307752,0.000182941
g__unclassified_p__Candidatus_Eisenbacteria,0.001739651,0.001413028,0.001141038,0.001292109,0.001481589,0.001103472
g__unclassified_p__Candidatus_Eremiobacterota,0.000315686,0.00028127,0.000145016,0.000189944,0.000260122,0.000226295
g__unclassified_p__Candidatus_Falkowbacteria,0.000147922,0.000158439,4.31E-05,3.51E-05,0.000105169,4.22E-05
g__unclassified_p__Candidatus_Fraserbacteria,0.000137273,8.78E-05,5.22E-05,5.09E-05,6.94E-05,5.65E-05
g__unclassified_p__Candidatus_Gracilibacteria,0.000116062,0.000101648,8.80E-05,8.55E-05,9.67E-05,7.92E-05
g__unclassified_p__Candidatus_Handelsmanbacteria,0.000140609,0.000128245,6.38E-05,7.19E-05,0.000176798,0.000108919
g__unclassified_p__Candidatus_Heimdallarchaeota,0.000137701,0.000132553,6.34E-05,7.22E-05,9.57E-05,6.19E-05
g__unclassified_p__Candidatus_Hydrogenedentes,0.003067141,0.00289083,0.000869568,0.00107833,0.002098231,0.001101415
g__unclassified_p__Candidatus_Jorgensenbacteria,7.65E-05,0.000796503,8.86E-06,6.83E-06,0.001593702,0.000151435
g__unclassified_p__Candidatus_Kaiserbacteria,0.000512359,0.000333279,0.000134561,0.00011131,0.00069558,0.000358757
g__unclassified_p__Candidatus_Kapabacteria,0.003549351,0.008353162,0.000331098,0.000274089,0.006951942,0.005687842
g__unclassified_p__Candidatus_Krumholzibacteriota,0.000155705,0.000128561,9.97E-05,0.000125192,0.000130548,8.56E-05
g__unclassified_p__Candidatus_Latescibacteria,0.002135991,0.001826771,0.001376254,0.001489528,0.001958912,0.001225229
g__unclassified_p__Candidatus_Lokiarchaeota,0.000160665,0.000159269,0.000108687,0.000113702,0.0001729,0.000108804
g__unclassified_p__Candidatus_Marinimicrobia,0.00277258,0.002702434,0.001568359,0.001879283,0.002790319,0.00178167
g__unclassified_p__Candidatus_Microgenomates,9.36E-05,0.000106667,0.000102549,9.86E-05,8.69E-05,7.86E-05
g__unclassified_p__Candidatus_Moranbacteria,0.000144672,0.000164999,0.000113839,0.000144028,0.000181346,0.000140653
g__unclassified_p__Candidatus_Nealsonbacteria,0.000200051,0.000187052,9.30E-05,9.95E-05,0.000184798,9.27E-05
g__unclassified_p__Candidatus_Nomurabacteria,0.000201249,0.000253131,0.00015085,0.000162096,0.00037597,0.000244657
g__unclassified_p__Candidatus_Omnitrophota,0.003266593,0.002143254,0.00099909,0.001054155,0.0018857,0.00112233
g__unclassified_p__Candidatus_Pacebacteria,0.000541567,0.00176093,0.00028901,0.000280667,0.001388277,0.000575375
g__unclassified_p__Candidatus_Parcubacteria,0.000338052,0.000308658,0.000219078,0.000195155,0.000353678,0.000203589
g__unclassified_p__Candidatus_Peregrinibacteria,0.000115079,0.000106825,0.000114142,0.000135784,9.35E-05,8.45E-05
g__unclassified_p__Candidatus_Poribacteria,0.00142388,0.001164481,0.000754403,0.000809495,0.001169127,0.000743991
g__unclassified_p__Candidatus_Riflebacteria,0.00012624,0.000177409,8.06E-05,9.04E-05,0.000134121,0.000127815
g__unclassified_p__Candidatus_Rokubacteria,0.002830227,0.002250553,0.001283402,0.001481882,0.002127955,0.001386226
g__unclassified_p__Candidatus_Saccharibacteria,0.000529294,0.000441803,0.000172179,0.000157226,0.000305438,0.000220351
g__unclassified_p__Candidatus_Schekmanbacteria,0.00040532,0.0003926,0.000296321,0.000302792,0.000549398,0.000434493
g__unclassified_p__Candidatus_Sumerlaeota,0.000503293,0.000412163,0.000239989,0.000272081,0.000543957,0.000335175
g__unclassified_p__Candidatus_Tectomicrobia,0.000704798,0.000556058,0.000356783,0.000403253,0.000548871,0.000407673
g__unclassified_p__Candidatus_Uhrbacteria,0.000250428,0.000228035,0.000107247,0.000123141,0.000213709,0.000149225
g__unclassified_p__Candidatus_Woesearchaeota,0.000505816,0.000451604,0.000298822,0.000293651,0.000414343,0.000291669
g__unclassified_p__Candidatus_Woesebacteria,0.000334032,0.000618422,8.97E-05,8.56E-05,0.000405653,0.000112004
g__unclassified_p__Candidatus_Wolfebacteria,4.12E-05,0.000233687,9.17E-06,8.41E-06,0.000373412,6.81E-05
g__unclassified_p__Cyanobacteriota,0.000756543,0.000594156,0.000353525,0.00036007,0.000499534,0.00032127
g__unclassified_p__Euryarchaeota,0.000511632,0.000516379,0.000270561,0.000290234,0.000527146,0.000334604
g__unclassified_p__Nanoarchaeota,0.000153224,0.000121764,7.73E-05,0.000101785,0.000118448,9.26E-05
g__unclassified_p__Nitrososphaerota,0.000152669,0.000134015,6.02E-05,7.78E-05,0.000135177,9.52E-05
g__Urechidicola,0.000118885,0.00017654,3.31E-05,4.92E-05,0.000178991,9.75E-05
g__Vannielia,0.000198341,0.000168003,0.00020222,0.000122971,0.000136842,0.000110747
g__Variovorax,0.000141977,0.000105521,0.000193507,0.000250298,0.000111342,0.000138596
g__Verrucomicrobium,0.000165156,0.00015255,1.94E-05,1.78E-05,0.000228246,0.000117757
g__Vibrio,0.000599726,0.000604273,0.001465582,0.00169267,0.00070362,0.001320395
g__Vicingus,0.005354175,0.025485559,0.000185059,0.013224518,0.028109387,0.031371287
g__Wenzhouxiangella,0.073178688,0.051853618,0.024133594,0.031875286,0.042100695,0.031689242
g__Winogradskyella,0.00427536,0.004563865,0.001140242,0.000606993,0.004962006,0.00138775
g__Woeseia,0.002342414,0.002010029,0.001721937,0.001879112,0.002021242,0.001536327
g__Xanthomarina,0.027789136,0.026241158,0.005667723,0.001575594,0.032105459,0.005769636
g__Yeosuana,0.000259964,0.000250957,7.30E-05,3.67E-05,0.000304991,8.20E-05
g__Yoonia,0.000411179,0.00032162,0.000367807,0.000233896,0.000278313,0.000195627
Unclassified,0.047457804,0.04325021,0.029228715,0.028594379,0.043886098,0.03421037